{"cameraMode":{"drawMode":0,"name":"Shaded","section":"Shading Mode"},"sceneLighting":false,"audioPlay":false,"sceneViewState":{"m_AlwaysRefresh":false,"showFog":true,"showSkybox":false,"showFlares":true,"showImageEffects":true,"showParticleSystems":true,"showVisualEffectGraphs":true,"m_FxEnabled":true},"in2DMode":false,"pivot":{"x":-0.223321795463562,"y":0.5378048419952393,"z":0.23633725941181184},"rotation":{"x":0.13615965843200684,"y":-0.6973865032196045,"z":0.13760794699192048,"w":0.6900970935821533},"size":0.2559716999530792,"orthographic":false}